{"cov": {"0": [[0.06097223073643603, -0.024667654727892833, -0.024667654727892833, 0.08130237591559214], [0.026609839844580763, 0.0033035780713882353, 0.0033035780713882353, 0.030005779936899544], [0.024665070177735574, -0.020685602788797913, -0.020685602788797913, 0.04884625371121425]], "1": [[0.04600106308108804, -0.03229699003840856, -0.03229699003840856, 0.08057928886440299], [0.02654394111982909, -0.00851871605398119, -0.00851871605398119, 0.0405381586530721], [0.04525727816946919, -0.029254782561820004, -0.029254782561820004, 0.07839498104987597]], "2": [[0.02716806721381834, -0.008398884923738387, -0.008398884923738387, 0.04044116876631949], [0.03597539787356285, 0.015499266447840769, 0.015499266447840769, 0.019328766684674228], [0.036062193941614314, 0.014624575830364176, 0.014624575830364176, 0.016294291249872254]], "3": [[0.024661384240571214, -0.020678818439844, -0.020678818439844, 0.048841218569707794], [0.06097213457320259, -0.0246675632456048, -0.0246675632456048, 0.08130231076673904], [0.02661143161640601, 0.003305848852125935, 0.003305848852125935, 0.030004196735840226]], "4": [[0.035975397873562846, 0.01549926644784077, 0.01549926644784077, 0.019328766684674224], [0.03606219394161431, 0.014624575830364172, 0.014624575830364172, 0.016294291249872257], [0.02716806721381834, -0.008398884923738387, -0.008398884923738387, 0.04044116876631949]]}, "mu": {"0": [[-0.481118370237637, 1.2209334964240637], [0.7315281775408228, 0.7228553215584157], [0.7985520930621699, 0.6201320566564447]], "1": [[-0.35154377375356666, 1.2674931373300724], [0.7603889931855403, 0.6799457166430587], [-0.6023108424387447, 1.1760669431673738]], "2": [[0.7589643102075935, 0.6797667730969709], [-0.6394722365917187, 1.474685174409966], [-0.3259833543598592, 0.9713760013861529]], "3": [[0.7985584725028757, 0.6201430873343481], [-0.48111851841962916, 1.2209336276217049], [0.7315076400501676, 0.7228711504662889]], "4": [[-0.6394722365917186, 1.474685174409966], [-0.3259833543598593, 0.971376001386153], [0.7589643102075935, 0.6797667730969709]]}}